Model,Accuracy,AUC,Precision,Recall,F1,MCC
XGBoost,0.8917127071823204,0.911768942667819,0.5428571428571428,0.36538461538461536,0.4367816091954023,0.3885119058085057
Random Forest,0.887292817679558,0.8989124171708441,0.5217391304347826,0.23076923076923078,0.32,0.2951905291703232
Logistic Regression,0.8928176795580111,0.8913257466628253,0.5636363636363636,0.2980769230769231,0.389937106918239,0.3579004311026538
Naive Bayes,0.8209944751381215,0.7880954095841736,0.3092105263157895,0.4519230769230769,0.3671875,0.27371462552187215
KNN,0.8839779005524862,0.7692187650052819,0.48717948717948717,0.18269230769230768,0.26573426573426573,0.2477069177823742
Decision Tree,0.8585635359116022,0.6941923557092097,0.4032258064516129,0.4807692307692308,0.43859649122807015,0.3602124290244625
